{
  "version": 1,
  "author": "HAPPY ESA MARUF",
  "editor": "wokwi",
  "parts": [
    { "type": "wokwi-arduino-nano", "id": "nano", "top": -43.2, "left": 105.1, "attrs": {} },
    { "type": "wokwi-ky-040", "id": "encoder1", "top": 1.7, "left": -116, "attrs": {} },
    { "type": "wokwi-lcd1602", "id": "lcd1", "top": 73.6, "left": 44, "attrs": { "pins": "i2c" } }
  ],
  "connections": [
    [ "encoder1:GND", "nano:GND.1", "black", [ "h0" ] ],
    [ "encoder1:VCC", "nano:5V", "red", [ "h0" ] ],
    [ "lcd1:GND", "encoder1:GND", "black", [ "h0" ] ],
    [ "lcd1:VCC", "encoder1:VCC", "red", [ "h-38.4", "v-28.7" ] ],
    [ "lcd1:SDA", "nano:A4", "green", [ "h-28.8", "v-67", "h86.4" ] ],
    [ "lcd1:SCL", "nano:A5", "blue", [ "h-19.2", "v-66.9", "h28.8" ] ],
    [ "encoder1:SW", "nano:4", "green", [ "h86.4", "v-86.3", "h76.8" ] ],
    [ "encoder1:DT", "nano:3", "orange", [ "h76.8", "v-86.3", "h28.8" ] ],
    [ "encoder1:CLK", "nano:2", "magenta", [ "h67.2", "v-86.4", "h153.6" ] ]
  ],
  "dependencies": {}
}